{
    "height": 60.0,
    "width": 200.0,
    "length": 3553.9637788138634,
    "frame": {
        "point": [
            2747.8717844792095,
            1529.6472662838469,
            0.0
        ],
        "xaxis": [
            0.18219232231716762,
            0.98326291381739672,
            0.0
        ],
        "yaxis": [
            -0.98326291381739672,
            0.18219232231716762,
            -0.0
        ]
    },
    "key": 12
}


